district,region,intercept,working_age_prop,female_pop_prop,women_edu_secondary,women_literacy,no_insurance_women,women_anemia,wife_beating_justified,decision_autonomy,ipv_12months,Local_R2,latitude,longitude
Asunafo North Municipal,Ahafo,67.85308715256295,1.642745919581461,2.880984494485471,-9.841135307836382,2.439386072836941,4.386458667817043,-13.576122414541583,-27.091379178443354,-6.826982898996003,-0.7687427918369379,0.6849776237144657,6.81509969999999,-2.67736640122449
Asunafo South,Ahafo,56.93716509837113,0.01525041343237582,4.1772385360233955,23.31809552059418,-4.682122861709782,4.553008089530731,-11.719488067206958,-3.4204814557105525,-0.7235941255358161,2.2075612319109794,0.7118448816864504,6.56280465,-2.53279356335542
Asutifi North,Ahafo,64.9076945216559,5.281891920363332,1.8809583548849598,9.595872753172095,-10.862683715946055,0.6729073423441339,-3.15201136969569,-15.193982879017456,-0.1724971850596269,-0.6074307372575373,0.787587226273877,7.07651835,-2.52531850396715
Asutifi South,Ahafo,65.83307758426595,3.955538460181014,2.6387916124068136,9.13098478163671,-10.839016009437037,1.712155593257989,-3.8308066027779706,-14.263529112851964,0.507080086567404,-0.34735017775356364,0.7357455688428158,6.84924284999999,-2.46125343688365
Tano North Municipal,Ahafo,57.61384824599167,5.818776329873925,1.9336325413915052,12.656049373154957,-13.636901648500714,-10.06645976364257,1.5847140976736709,-22.74518608340815,-7.729168294187014,-4.700456253344399,0.8561863703663085,7.19329065,-2.2080833699397
Tano South Municipal,Ahafo,56.534343112500665,5.237214052128326,2.3403632842307758,12.375218048906989,-14.348316013002766,-9.296007614132693,-0.09176362953843231,-20.56820528621317,-9.792248843617948,-6.331324783328098,0.8354584067672761,7.16093674999999,-1.99681708617696
Adansi Asokwa,Ashanti,52.55860805652651,5.3477672960126075,3.8052816590856673,19.662357499670474,-1.5557560943281672,9.820101969383293,-7.487124576766636,-6.431856963790835,-9.10137764291024,-9.677137464467943,0.910532053319018,6.2467263,-1.50841
Adansi North,Ashanti,52.91555668407864,4.892208710123553,3.878526178599439,19.74344681824536,-1.552650334936466,9.844500264501686,-7.357571762619326,-6.6180925598373435,-9.080907048110884,-9.72369066755369,0.9129245038843976,6.3006124,-1.5897139446089
Adansi South,Ashanti,39.244655949712985,7.237690349429645,3.060367485166438,24.735609608783527,15.01208505166652,7.576554854946799,-15.839532504645778,-9.3217203164801,-2.3496281628853595,-7.5175205208777145,0.9405785072615297,6.00427495,-1.39314032189093
Afigya Kwabre North,Ashanti,52.4867891507932,4.638026823440498,3.2030359268815882,15.889807691119852,-21.46475445168272,-2.121267975930232,-7.436363011910464,-3.507337856994887,-13.70578773570407,-12.84945292711764,0.7805146155397142,7.03891495,-1.62667127242319
Afigya Kwabre South,Ashanti,66.22537441798161,4.324896278961253,3.549920200341937,4.116660423505297,-7.540775270016415,4.8104106364563,-8.584478131225607,-12.58422171831971,-1.2517302276805484,-1.375827133818905,0.7725881992165438,6.83998064999999,-1.60957900170106
Ahafo Ano North Municipal,Ashanti,65.8255784172568,4.438734046444818,2.9551541002905037,9.2904094672102,-10.76059852631436,2.0951660136342234,-4.138950940516626,-13.8730291866618,0.07385041245286939,-0.41626916447105344,0.8083046628849835,6.90966445,-2.23301229669742
Ahafo Ano South East,Ashanti,56.43205926970439,4.270144767101659,3.1450152465674837,12.289092376391661,-14.406457926186139,-9.511405341762607,-0.4120158614465339,-20.422409575473175,-9.626768620866493,-6.496806793269922,0.8043020103614491,6.94633355,-1.90095355028736
Ahafo Ano South West,Ashanti,66.16813160333754,3.931084232950931,3.4926877937655867,8.835978738128663,-10.72015002287322,3.5849260626196404,-5.542338242026656,-12.028685883814491,0.1291859395626327,-0.7032373809240422,0.8203210878578948,6.8289788,-2.00038660056909
Akrofuom,Ashanti,55.00263696704775,6.441831163599037,3.476156588591838,26.63247522199504,-0.8718624574274045,-1.5285775222229319,-2.980643110998793,1.764184597680206,-8.862499515151788,0.04431457419095608,0.9547627563909449,6.03262245,-1.67136425707588
Amansie Central,Ashanti,54.98540627131553,4.867620496213261,3.7886478255253704,21.0724826775998,-3.5480803011025905,4.490488881735701,-10.302611401927962,-5.949660580222197,-5.504648816594244,-0.13017679985643227,0.9433985205104711,6.20744165,-1.82814118592735
Amansie South,Ashanti,54.842436385315935,3.7260159573274967,4.094494953353598,22.906149924849945,-3.6829602130271333,4.965850528270119,-12.75730999363731,-2.9310065794388915,-2.123950533914927,1.2578501794302088,0.937793278452522,6.30802585,-2.01186652006877
Amansie West,Ashanti,55.55515410237526,3.89938310670904,3.9977379450685606,21.656018498528162,-3.1518576491549197,4.458893621267908,-10.916143115916656,-5.897587307003236,-5.222440980696577,0.7803373622567968,0.9116959332058935,6.43975084999999,-1.85237045719587
Asante Akim Central Municipal,Ashanti,39.93549698820014,4.5239000464384915,3.9307981414123776,24.58076291689799,15.267918075884978,6.019428957469133,-14.682069127964343,-11.630379226054671,-1.9348932794831648,-8.119083889251328,0.7591292178755716,6.56465915,-1.25347851347396
Asante Akim North Municipal,Ashanti,35.82277647228177,4.942410372455237,5.05754650912918,2.371304839013149,-8.98165630935759,-18.455676249495696,-18.25104882817224,-12.830267870600169,-6.330776525409668,-20.311026929641095,0.8453919603134477,6.906722,-0.958978
Asante Akim South Municipal,Ashanti,39.87359082378907,4.573164515403963,3.6042722626461634,24.537333938714188,15.262028244688468,6.051293228159902,-14.632268737560697,-11.610832167314303,-1.9347625703037181,-8.069757462925134,0.7353940088602693,6.46141735,-1.11533920112058
Asokore Mampong Municipal,Ashanti,66.3155847185799,4.279172314943428,3.7445433003035156,2.8050798768084206,-6.603513513407901,5.369682456381046,-9.938576628654644,-12.115727450230752,-0.7728255988105612,-1.4115811296904548,0.7858768418437442,6.7077852,-1.5665013
Asokwa Municipal,Ashanti,66.39825788763818,4.190966747219081,3.7719526047580345,2.761404133534893,-6.502997876875845,5.374953084614423,-9.899614126690231,-12.285121744166227,-0.8834523722639425,-1.4465200326664283,0.7987879157069027,6.6739843,-1.6026178
Atwima Kwanwoma,Ashanti,65.71708405310986,3.97462861759484,3.7915899575165177,-10.78438531193699,2.7096421751029602,9.977174138837656,-25.812634881353457,-10.81757525129946,2.900068314860956,-1.017963612997515,0.8277350670228119,6.65,-1.73333
Atwima Mponua,Ashanti,54.963803520429,2.883663081412943,4.327157849136709,23.810216722266144,-2.8062475943727847,4.503426569664761,-12.873625978549146,-3.8673157307468955,-2.6468935202183665,2.1038419277064797,0.8826540460131579,6.5558963,-2.17659077213842
Atwima Nwabiagya North,Ashanti,65.8708596533093,4.198286398818545,3.389424030085605,8.494966803398043,-10.816621678127214,4.25739193105461,-6.251311260804288,-10.960634043501557,-0.06987273255953141,-1.1616799262104882,0.788137925763015,6.87764335,-1.74489585317473
Atwima Nwabiagya South Municipal,Ashanti,56.53741747316259,4.853242682470036,2.6574321237880376,12.364280869405778,-14.362002189694454,-9.359991746754355,-0.16298184805682503,-20.553695761024493,-9.74711616899992,-6.351052970161533,0.8213854954885618,7.0689359,-2.0226618
Bekwai Municipal,Ashanti,53.112751602664815,4.420305666419241,3.959233712314623,19.882272226898344,-1.1486669208845797,9.871692850056817,-7.4707025059734065,-6.946324957043604,-9.375757763333436,-9.568632314000071,0.8735312458371416,6.43631235,-1.59282285301503
Bosome Freho,Ashanti,40.20262390179997,4.891477648358233,3.9562340819194812,24.802058495930428,15.418077309934766,6.631377313828203,-14.4601881840541,-11.410140412572748,-1.4581779946153883,-7.947033879693203,0.8492505586340251,6.3681227,-1.36632312680072
Bosomtwi,Ashanti,40.321373868263976,6.441344414630889,-0.0678052929538886,25.109478207645637,6.251464976023827,-26.205545567260295,-12.82715953678574,-5.073860533618263,6.252186195963335,0.21609683503684352,0.7477777842366944,6.1777503,-0.1969922
Ejisu Municipal,Ashanti,66.28425866014648,4.374534890068309,3.8098941335012286,2.745370893896178,-6.659303847199094,5.488848234198355,-9.866819909781242,-12.029943650375648,-0.7517584673558364,-1.461218842857443,0.7648031914190664,6.7139918,-1.4665782
Ejura Sekyedumase Municipal,Ashanti,51.62718760868324,5.56385844806883,4.001246102288704,15.441676166632675,-20.68772646730593,-2.3694020874597896,-7.46775025296863,-4.054842055768976,-14.355130065537528,-12.43243779331159,0.8459869885820187,7.38567515,-1.39945747215309
Juaben Municipal,Ashanti,54.58263782631347,5.69888987875861,-0.02014173995902624,30.109654554492295,1.7105445084020952,-5.706432111778618,-10.068800638373176,7.4492102535768066,-5.052448504924319,4.563155975802316,0.7123635065105063,6.0721368,-0.260652306105858
"Kumasi Metropolitan Area (KMA)-Bantama, Manhyia North, Manhyia South, Nhyiaeso, & Subin",Ashanti,66.39766945210373,4.1837919645205695,3.7361422190164744,2.7326525904772208,-6.464920701530236,5.295321362132404,-9.908108624031883,-12.382530735035198,-0.9542039736100527,-1.410898943829976,0.7974190448568186,6.698152,-1.621229
Kwabre East,Ashanti,37.9202406184678,4.3228829170761065,3.662415657848687,4.330595400378185,-11.1681789893067,-22.01719600389449,-21.278520831910424,-11.039987860032134,-3.752657034726006,-13.94076164627361,0.7651788724358602,6.7897864,-1.53792852576917
Kwadaso Municipal,Ashanti,66.50717304961371,4.083247187399223,3.7484432494345947,2.6350089456781465,-6.308557346122246,5.216478648023243,-9.862653713923738,-12.695756211312169,-1.1667381339561347,-1.3846053122904447,0.8105461892084102,6.68059249999999,-1.67467000057054
Mampong Municipal,Ashanti,37.46933774993845,4.831101062670536,3.829963701973247,4.6797544274493585,-12.140777741250563,-20.59519173823125,-21.79598133266575,-8.924113371670447,-5.239538896549476,-14.627413749427863,0.7764410074487141,7.056139,-1.40425
Obuasi East,Ashanti,52.577852203169236,5.493874771142304,3.6961448732644144,19.60603709189278,-1.7503305733249697,9.795918939144013,-7.372378599628,-6.362889686098608,-8.972451390414205,-9.761860520769293,0.9354900604554717,6.1796409,-1.60356394182495
Obuasi Municipal,Ashanti,52.78187625677543,5.193170734681477,3.758682934509322,19.67753964862137,-1.6408921223862798,9.822411145168946,-7.330756073176339,-6.529307492720392,-9.020074791262715,-9.738031343445117,0.9374982547615712,6.211542,-1.6894045
Offinso Municipal,Ashanti,50.811303894808255,4.651513936259707,3.0241851338313968,10.891944428413481,-17.537186387277206,-5.699392330418771,-8.271568638074971,-10.009894143645596,-19.136141788015614,-14.483032420635809,0.7962455775246361,7.05794129999999,-1.73462655987467
Offinso North,Ashanti,50.77465731239645,5.422881120314715,2.4722171418616146,11.077072327296676,-17.39087834634062,-5.510907473046979,-8.165775795695193,-10.030823782018128,-19.376799176630122,-14.303950007406346,0.8389136809656006,7.27974815,-1.79832745610104
Oforikrom Municipal,Ashanti,66.3584326533159,4.235050131917852,3.7972190305453006,2.7690302561844993,-6.555477351302663,5.448529553013024,-9.882913753505006,-12.176739763917075,-0.823581442370128,-1.4999221675224872,0.7871755335402925,6.672717,-1.5504236985326
Old Tafo Municipal,Ashanti,66.33296780835713,4.245378775846307,3.6893543042638877,2.757986402452996,-6.520205538992872,5.265092881469659,-9.940356071065484,-12.294710665484999,-0.9014559736533183,-1.3842642214639507,0.7864373469373038,6.74083555,-1.60465968075918
Sekyere Afram Plains,Ashanti,61.28224952401182,4.556502428310331,5.013542297621862,7.9664771377452785,-5.2459471326315485,-11.645369279098258,2.482273191440939,-14.04471557297923,0.5869708697726654,-0.5606426647447034,0.9628918435455549,7.20286155,-0.592081996515861
Sekyere Central,Ashanti,36.97272921239984,5.272071082676195,4.895729626976568,4.342982827681513,-11.642984618510601,-20.410539151939403,-21.410244128419624,-9.393142818034947,-6.030719253740731,-14.333919256057744,0.8664633384271014,7.21625465,-1.09955606489201
Sekyere East,Ashanti,37.620128759669115,4.555214434156607,4.037120792824658,4.2457102252407735,-12.079468125636748,-20.663763327980426,-21.602211729535,-9.41710784968076,-5.64565079939014,-15.018117456120155,0.734256825824517,6.77947295,-1.29935419961981
Sekyere Kumawu,Ashanti,37.414826371794405,4.775437034018866,4.472913682106283,4.186738733001947,-11.928312858698913,-20.59297939886878,-21.498126400767234,-9.491634401511613,-5.866525313792774,-14.819080320723744,0.7765660262907778,6.9098849,-1.23942940155571
Sekyere South,Ashanti,51.80940457630642,4.662174385820333,3.4859505580626333,14.735905690883065,-20.676512471180814,-3.0587250064320086,-7.7910092640142725,-4.643365806440489,-14.3483244869418,-13.153252705891601,0.7650564107269581,6.99532965,-1.50292100938884
Suame Municipal,Ashanti,66.33610441197098,4.245628881083385,3.6813731200151762,2.7779960111662785,-6.527537338021691,5.225737451374783,-9.967338676913217,-12.28848454726496,-0.8866117432428515,-1.3267833583950928,0.7919186724961704,6.738487,-1.62476687694823
Banda,Bono,69.63177004730892,7.9154736289155,1.795473003920101,10.490575003014419,-6.660815313637716,0.14018343739381578,0.412101266196502,-7.843367381462602,2.9628161250114067,1.5950083271258455,0.9658889953478883,8.1645269,-2.3569966
Berekum East Municipal,Bono,57.31968354361882,6.200776745953306,1.8032879163009676,12.710320022761639,-13.462879022419942,-10.148901453156878,1.4074783930646575,-22.652380330965677,-7.597330176468077,-4.625998638553803,0.8649889286668204,7.4848835,-2.56459096524003
Berekum West,Bono,68.53433850980169,6.010414851075206,1.803914167436333,10.060179608888646,-7.664435286608734,-0.021561861564760587,-0.438725321160077,-7.260549019545767,1.594194007163771,0.11214482851639485,0.8301319797781568,7.47199419999999,-2.71078914019081
Dormaa Central Municipal,Bono,57.209732753160345,4.385828743893848,1.9797521529644195,12.390151791250222,-13.729072859567653,-10.302980870109067,1.2122188124708104,-22.43551277260257,-7.47903606087361,-4.8595881049491485,0.7412132732746841,7.23948645,-2.85657511014467
Dormaa East,Bono,57.305823633152116,5.678554789752734,1.6966717794047925,12.536884791772707,-13.633199817327903,-10.141250718240194,1.3539577624583266,-22.529097219962622,-7.602863838939062,-4.878956876542643,0.8085051302992143,7.26432845,-2.64146295349265
Dormaa West,Bono,67.50631045675381,1.2330832582556794,2.582994683460219,-9.887350520096943,2.5246022381323785,4.26010602117309,-13.659645599123117,-27.032891074316247,-6.756664376255035,-0.6608782775259722,0.6963413988970106,6.97538415,-2.9463116043167
Jaman North,Bono,68.38152050205727,6.508141939637472,2.0274906168913835,10.18135269046551,-7.483397745195919,0.0077418899144001685,-0.5831333586197016,-7.11516846578218,1.5527226056046617,0.3479588430137217,0.9472946549553496,7.9132614,-2.69723280400663
Jaman South,Bono,68.38109138012331,6.117891859461974,1.8820745653634008,10.100985713717844,-7.657852028617627,-0.0031959843040052505,-0.5781236628607092,-7.148057212661864,1.4375612700129405,0.06096935131664161,0.875771070496677,7.62036559999999,-2.7963718064665
Sunyani Municipal,Bono,58.201154319529614,6.273617683368567,1.6909251949301538,12.865816512002247,-13.141843400723383,-10.56048917120297,2.557135299440514,-24.05689798558734,-6.451042460524383,-3.648705473256947,0.887579229542657,7.3384389,-2.3309226
Sunyani West Municipal,Bono,58.186552454465705,6.305968520529701,1.6924635242596509,12.867236365721208,-13.133072739768686,-10.568817188818844,2.550694494463886,-24.05534780941791,-6.441168993509609,-3.633635341257892,0.8900817530995632,7.35779433737633,-2.34687996021684
Tain,Bono,53.17670485079606,7.28639729477775,2.210604424588464,10.110902933004041,-15.62625392076734,-0.8680931497573963,-11.077732850233797,-1.716059077107798,-18.373544160008766,-14.349374863747315,0.9493113127688052,7.9614185,-2.1422727
Wenchi Municipal,Bono,53.25455808278157,7.261110345947497,2.1315925901835655,10.093482825794204,-15.720480056212837,-0.8766023501283375,-10.964301664275329,-1.8491548997895189,-18.439929423793274,-14.41591798875293,0.931379302577538,7.80281055,-2.08141333112632
Atebubu Amantin Municipal,Bono East,49.56066105502641,6.938739530476495,4.164177818279208,12.878694376934156,-19.79203361627446,-1.382406292638434,-11.060934895715981,1.2768474460673005,-18.73659542751417,-15.814363907312982,0.9375145773033812,7.72813859999999,-1.09550967027384
Kintampo North Municipal,Bono East,53.24177038955014,8.757321294649287,1.9792572278453555,10.247655552039165,-15.504285708384634,-0.6663790175433544,-11.014152234961628,-1.6810923141867171,-18.503168112788483,-14.35993857063766,0.9553598331167765,8.053714,-1.728919
Kintampo South,Bono East,53.27164741198647,8.57249632188651,1.9646916594107147,10.236698111295162,-15.537102757096308,-0.6576509549879681,-10.975994409137268,-1.7093495509276124,-18.531360902111516,-14.372651264287759,0.9344579573476399,7.94321545,-1.73400515142892
Nkoranza North,Bono East,53.19080035101118,7.835690770575274,2.1029638961497312,10.100850702053554,-15.593304478095872,-0.6605034361514659,-10.958556901841062,-1.622058418849565,-18.47293373792221,-14.314569689163907,0.865792499891343,7.7184776,-1.64389618122841
Nkoranza South Municipal,Bono East,50.45036742469312,6.140165702398567,2.5681492349439914,11.16825038137329,-17.166188102146855,-5.4890529187752675,-8.211427214106044,-9.972016806389973,-19.327722034763077,-14.110232579161632,0.8481900231849067,7.45296465,-1.67701851419084
Pru East,Bono East,50.963593051004565,10.48630964966023,2.918440856263649,14.597433878088346,-19.037124548352317,-4.332604097925791,-7.687043131812936,4.041150782883189,-18.206328930794825,-15.897905386840128,0.9751261220201626,7.9636217,-0.9549861
Pru West,Bono East,51.8776059974469,10.006010368463233,2.4883908897571203,11.22694797772659,-15.398808450711343,-4.709494337275793,-8.68350164023732,2.7874047381214573,-20.93892182878728,-16.67296969464924,0.9592102570185689,8.03487795,-1.31329234137589
Sene East,Bono East,62.30766204209468,10.195949428411431,1.9009190875648576,8.805634711250267,-8.799635594122027,-8.119466961099175,-4.860860994353917,-7.771134052022838,2.174902228648323,5.960077590864321,0.9754902055720739,7.6658435,-0.182426172494555
Sene West,Bono East,63.04989714219832,9.80753259285941,3.0001412592526195,9.336933970224301,-10.376508203908932,-6.261502485337839,-7.417743266492085,-9.364934355260841,1.918555982695361,6.4191783103280144,0.979810993664075,7.74897775,-0.618112944814146
Techiman Municipal,Bono East,50.64723620304539,6.5580802211949045,2.050955681090546,11.257926155825468,-17.186846123366664,-5.475268263928748,-8.230338969257167,-10.027752242640402,-19.406988637843362,-14.204636655690843,0.8832523098876905,7.5279454,-1.97466940505838
Techiman North,Bono East,53.30708010738317,7.3806207024482475,1.9973201225339423,10.11184613951252,-15.771038433065359,-0.8621348721186903,-10.853251392283003,-1.9765742144591723,-18.51977993734683,-14.461246958226988,0.9043177935921212,7.70365499999999,-1.98577027897075
Abura Asebu Kwamankese,Central,51.467461135643376,6.189050618216351,1.5780795623964288,24.25377738980142,1.2489014214748924,-1.737475798345963,-1.5177779940430263,-2.6474962240851596,-8.078442219694285,-0.24557887982008075,0.8780235937098513,5.2698722,-1.18890498156872
Agona East,Central,51.59846384074994,3.4994767444186703,-0.030597756064441484,28.357222146444997,0.6946754730714808,3.3759294963530437,-12.526173311885755,7.278275012696689,-9.491317829409297,-2.263006440108157,0.9111446492162436,5.63553575,-0.654757357749996
Agona West Municipal,Central,52.45255017517921,8.203835919145,3.0677323202866673,30.469512555279337,2.849418684027044,-7.322150700972951,-2.7657806000011345,4.500344668037265,-6.593438189552315,4.218603149672404,0.9064815240304973,4.8901537,-1.9664135
Ajumako Enyan Essiam,Central,49.6746760771648,4.780919803129411,0.42837923319476445,24.108120005454985,2.7486591163225182,-0.11274381082923846,-3.7834511082286397,-2.4287242488166605,-8.836859949063914,-0.27486848356815585,0.9118245989601194,5.41243515,-0.984801059019988
Asikuma Odoben Brakwa,Central,49.260453167869244,5.409616825541331,0.6121837723400123,24.21486408587131,3.0809765272343985,0.41660644308445427,-4.854863610594954,-1.9790802839893225,-9.322776623358713,-0.31078834674670297,0.9331611733640085,5.62649825,-1.02551876426311
Assin Central Municipal,Central,53.33006412887299,7.688376686251608,1.7441426698216578,25.74956281603884,-0.210769081631911,-0.9775690576037457,-3.579915119906966,1.1148594711578994,-9.405898779806765,0.001536598613939802,0.9442598218288154,5.73294244999999,-1.31730368183195
Assin North,Central,54.0328052822415,8.216526780918953,2.235207078517316,26.084803420962345,-0.77334971118654,-1.0171479018646714,-3.608243816587404,1.9368271493998108,-9.603385468098462,0.13985145037148972,0.950674767132117,5.82545685,-1.37392719579152
Assin South,Central,52.71213704754935,6.678089692350946,1.6145634156426523,25.13712502294584,0.29832637339811363,-1.5248218685202928,-2.443516027577612,-0.6456970005432865,-8.609753293166373,-0.21153386154385712,0.9209742585464749,5.52889644999999,-1.2709401638536
Awutu Senya West,Central,51.380247817141644,2.6934956537968606,-0.30885124827880794,28.30294834425201,1.056524003967258,3.612687640791309,-12.48388804350659,6.923879294859102,-9.224887667953194,-2.304420630835767,0.8953775233921571,5.61965885,-0.520145612112832
Awutu Senya East Municipal,Central,51.38787315584828,2.2874591757873346,-0.8207938987724717,28.340107634485147,1.241326614793838,3.756492933295787,-12.48005890948885,6.771556001386859,-9.102929431988116,-2.319971558484225,0.9182272571622099,5.40379055,-0.518157686947431
Cape Coast Metropolitan Area (CCMA)-Cape Coast South & Cape Coast North,Central,51.97820976632679,6.593214962872189,2.0311133994331527,24.4720587146723,0.5848820091858116,-1.9611136986216104,-1.4463784948033753,-1.8935879300551335,-8.126442568192925,-0.2150845615289978,0.8567020992065681,5.1115501,-1.2484127
Effutu Municipal,Central,27.119080585533766,2.4374017965833175,-0.8563996034613348,13.240166350675834,18.93101678507415,7.282008375757735,-7.4798922856588055,-17.63757468268295,-14.667113191701516,3.436608940873485,0.9244177675690053,5.38339225,-0.597395635326539
Ekumfi,Central,49.301145811319046,4.109852703181348,-0.07195676839538478,23.97372148788584,3.097516101454909,0.15366498705337506,-3.804481613025917,-2.699991091184984,-8.708874572286813,-0.24631562252927885,0.8989288845353869,5.28914455,-0.908864632637807
Gomoa Central,Central,51.459781694908756,2.5488233205620605,-0.7073723979356927,28.36633505724287,1.0831890350032136,3.6811265433970313,-12.486800992089151,6.942166036013962,-9.147091379589881,-2.3178133199634514,0.919094053983875,5.47699369999999,-0.589745989100534
Gomoa East,Central,51.459781694908756,2.5488233205620605,-0.7073723979356927,28.36633505724287,1.0831890350032136,3.6811265433970313,-12.486800992089151,6.942166036013962,-9.147091379589881,-2.3178133199634514,0.919094053983875,5.47699369999999,-0.589745989100534
Gomoa West,Central,34.0245956323275,3.6241496815865393,-0.39138553732678716,13.481907516273935,14.648123653744427,1.1476238109936094,2.270726335043836,-21.009730827498117,-11.432350200025224,3.7194952182327214,0.9119663367357673,5.38725545,-0.833638570821268
Komenda Edina Eguafo Abirem Municipal,Central,53.19268046937158,7.246913463838315,2.539486638735897,25.29640748096083,-0.49878581140888656,-1.958612274426398,-2.119938062456237,-0.00854743110014411,-8.354726018855272,-0.30947306374650285,0.8837920122742753,5.1302015,-1.43995928979516
Mfantsiman Municipal,Central,50.751728121373176,5.262603153775727,0.8626407809438721,24.049532411085327,1.9267297256631561,-1.2815936917457682,-1.901348223917946,-3.078326048408794,-8.110277691916771,-0.25528484391579953,0.8825413219004358,5.27644145,-1.03472089878279
Twifo Ati Morkwa,Central,54.60680826779939,8.102130034397451,2.835495309274178,25.909568430876313,-1.493198641293553,-1.5694571836709272,-2.466376795658868,1.5632994960570414,-8.92562653638401,-0.1328253672710744,0.9464925370437959,5.61529845,-1.57822136908747
Twifo Heman Lower Denkyira,Central,54.16030269072939,7.87704992366351,2.6062054733691107,25.848865099627158,-1.093872516487604,-1.777008514224053,-2.4359756245530875,1.190686500860906,-8.744238476782515,-0.09761852110510283,0.9307505688260016,5.49471475,-1.53636464977824
Upper Denkyira East Municipal,Central,55.069044556817914,8.473316848863144,3.4934827573454417,27.32156785624936,-0.857471630469206,-2.9575079756198477,-2.2105485825436695,2.7735527509984266,-8.753806807506132,1.3276362174281644,0.9651225724440479,5.83523424999999,-1.73920835777296
Upper Denkyira West,Central,55.47172199468283,4.54786864844393,3.9210487814750614,29.22490670955965,1.9849902245058928,-3.8220536931572653,-0.6104031283607512,2.2793440405124983,-9.260249463453935,0.0896265741527813,0.9450928273425914,6.10783305,-2.06931071266353
Abuakwa North Municipal,Eastern,54.87532727078623,6.608251391633939,-0.27531753163120065,30.26205344513424,1.6888758850259058,-6.0156194067067545,-10.022614651540868,7.542246824215399,-4.97737192760729,4.799545210247476,0.6682831059088408,6.2336986,-0.382588987736012
Abuakwa South Municipal,Eastern,52.89513879960768,6.576538400928687,-0.433189979966194,28.887478668235595,-0.6462959434095303,2.494935941923111,-12.878622417549007,8.652285905382207,-10.376816034525133,-2.297103717010449,0.7251747597364968,6.1727705,-0.470361048613095
Achiase,Eastern,47.68626694982578,6.328122514730641,0.3848767482836859,25.564242988359737,3.787703654680562,3.8700401037343606,-11.521775138193032,2.942172731197216,-11.75522255537146,-0.5658328835168414,0.9352459225106422,5.8354534,-0.9966928
Akwapim North Municipal,Eastern,53.21791947824999,3.4236286948322734,-0.10895225533606379,29.469848805091644,2.9508351516777127,-5.013787299778421,-10.487691371273815,5.551726990597103,-5.238636723287785,3.6405200124226798,0.6449127086136561,5.9014961,-0.14597334325382
Akwapim South Municipal,Eastern,59.77446283958291,10.01500706748902,0.5071487785956981,6.141339824284934,-3.8547948197519366,-14.838477658082361,1.1842277733279731,-4.014868031684594,-1.2673501779379497,3.3805206635327663,0.9751376279207145,8.25846,0.508747
Akyemansa,Eastern,39.55164614895465,7.211940001736604,1.490191699025539,24.324234181035074,15.300941310114332,6.603183698770312,-14.146565262063454,-11.359841233778731,-1.7030909501434124,-7.606643940225093,0.8855611962222492,6.0815994,-1.11546439579942
Asene Manso Akroso,Eastern,50.080362578395594,6.345104447389835,0.36785010411077845,27.110966349308136,1.7903606051855387,3.3741082606265955,-12.084239032061827,5.5991943947166085,-10.996089794212784,-1.3260230244336064,0.9257619617822385,5.85516295,-0.8089562448565
Asuogyaman,Eastern,40.6488719806539,7.675189857437655,0.8708860046833866,25.42888436868041,6.049287082775844,-26.59881131102459,-12.372460284391066,-4.394900439592949,7.410484393354312,0.8143045564543119,0.8309306604442195,6.36279085,0.0952598707485648
Atiwa East,Eastern,52.60381292577683,5.58595703425121,1.5624829093272847,29.101268324199808,4.101740545736357,-7.915539128280276,-9.476384365123067,4.3105396680475385,-4.0287603290823935,5.978303468870409,0.5758597841731181,6.3954833,-0.597296233359515
Atiwa West,Eastern,52.3575456137438,6.474861283484605,-0.21903928568501563,28.56260713141379,-0.058503083429496616,2.509641857913329,-12.884649054976311,7.811740827540149,-10.575177426321222,-2.263804501332193,0.7271954654319317,6.20778059999999,-0.635808682575408
Ayensuano,Eastern,52.59531171927456,5.5225409297852615,-0.13405443777687154,28.75085373223592,-0.42976245460893736,2.6613080374873945,-12.77856788681438,8.434651025136839,-10.205732332507829,-2.2653135411814884,0.8352053850708092,5.94469995,-0.449937193103216
Birim Central Municipal,Eastern,49.38850258495549,7.790207620113943,-0.2637717013806711,26.36922938189718,2.6645176261197747,3.7517451179065477,-11.591142965141426,4.554441580668536,-12.213781262642643,-0.29940851613310393,0.9194877680121513,5.97391735,-1.00480959493596
Birim North,Eastern,39.91277441731424,4.916603463895143,2.438363262554157,24.59814240141609,15.272994882832204,6.276654941659819,-14.529991753164126,-11.476475612805094,-1.68875037466744,-8.022924277446698,0.6941876453432123,6.3681437,-1.02271793293055
Birim South,Eastern,48.98757700327778,7.394038413978258,0.012672423132507049,26.18989024644065,2.9193842491011495,3.7736530462882554,-11.585013473197247,4.184829088241717,-12.070192116919873,-0.3888533465036019,0.9261930543277135,5.9375343,-1.0087951
Denkyembuor,Eastern,51.947848920437565,7.404093513536576,-0.94885051918925,28.05927470549398,0.6837415056879292,3.172934360438005,-12.310055635810286,7.162165902347663,-11.36091185681336,-1.2544621856941358,0.8741003923379159,6.05,-0.8
Fanteakwa North,Eastern,39.736168457377225,5.75002587505773,2.2752047962277366,24.600482688753488,8.083760473841824,-24.75499727142097,-12.152162146893328,-6.724206980987554,5.799681106889706,1.3099229813528002,0.6164430796405582,6.49761694999999,-0.362546050326661
Fanteakwa South,Eastern,54.288920597543886,6.402510528821995,1.0428412475167592,30.075904862857165,2.428982079544381,-6.966531724864232,-9.706573798306025,6.709650585449472,-3.997709237745325,5.368502814094326,0.6165244102420813,6.37117379999999,-0.311872167608319
Kwaebibirem Municipal,Eastern,50.45163282809193,6.587728989857958,0.26226600863652294,27.21949939290716,1.8797899097532653,3.2258110381906753,-12.231985698980637,5.422541391151982,-11.519070696422453,-1.2394284598748362,0.7563128802935204,6.23359759999999,-0.87590978580917
Kwahu Afram Plains North,Eastern,61.98553846361486,6.6695471679890375,2.8112885018300013,11.736385100511399,-5.347626113353556,-9.079849442052602,3.5199745509773286,-11.159619252080589,2.1261553533087216,-1.41221628534971,0.944352576228968,6.8753584,0.0047456123339843
Kwahu Afram Plains South,Eastern,61.338140180387185,4.012550252992927,4.491775713821822,8.63440227138345,-5.001519631246197,-11.195727872725142,2.677845244906783,-13.667648785471059,1.2587896942762642,-0.5497033579692445,0.8636916422783522,6.8854777,-0.460380290065423
Kwahu East,Eastern,27.207546257990266,4.301389694851707,4.901815854719537,17.477669029341577,5.568785967197845,-11.963408679490605,-19.96927526883852,-11.434713163112445,-5.769596434615786,-16.883672271000023,0.8224218005993839,6.73342465,-0.81009459846416
Kwahu South Municipal,Eastern,59.77446283958291,10.01500706748902,0.5071487785956981,6.141339824284934,-3.8547948197519366,-14.838477658082361,1.1842277733279731,-4.014868031684594,-1.2673501779379497,3.3805206635327663,0.9751376279207145,8.25846,0.508747
Kwahu West Municipal,Eastern,38.942813691783684,4.624559282833474,2.889435601687998,24.15779762695248,14.391524769308447,4.947101372378607,-14.950617087613413,-11.237158258937622,-1.5572850782096266,-8.883048601401622,0.5938313024876151,6.49118254999999,-0.728456087972531
Lower Manya Krobo Municipal,Eastern,40.5334272210151,6.643159420055014,-0.030033700770438543,25.261186516183315,6.207245501185694,-26.4438809515733,-12.667019686641908,-4.859881554779406,6.619629380042857,0.5061970813664605,0.8120866478592007,6.2127831,-0.0404975690174626
New Juaben North Municipal,Eastern,53.24048669369493,6.770169521449445,-0.2968746860216669,29.07333752544057,-1.0389017725564014,2.646709847058596,-12.739392594820623,9.310690842680213,-10.234546457237398,-2.1575860696741236,0.7555355823407758,6.1364245,-0.312846157003848
New Juaben South Municipal,Eastern,54.58263782631347,5.69888987875861,-0.02014173995902624,30.109654554492295,1.7105445084020952,-5.706432111778618,-10.068800638373176,7.4492102535768066,-5.052448504924319,4.563155975802316,0.7123635065105063,6.0721368,-0.260652306105858
Nsawam Adoagyiri Municipal,Eastern,51.83931635946146,3.582803310663812,0.0792611994349457,28.43212810788122,0.6337813858375281,3.086368503767677,-12.717950447263602,7.2019473740707145,-9.87612759961423,-2.3238812827135438,0.7962080564192087,5.81791215,-0.36426765
Okere,Eastern,53.92549248770184,4.599047485731323,0.10321166966949491,29.81061771672375,2.2152599909384048,-5.3588144036583465,-10.268324712333825,6.647922078938159,-5.098702356063516,4.080587413531326,0.6810939836502472,6.04034605,-0.127770489495342
Suhum Municipal,Eastern,53.06398279424192,6.5515023273932655,-0.5678255970549166,28.971182245224625,-0.8774914325337395,2.5210961839680124,-12.823606419285667,8.99590458063997,-10.343323346698565,-2.2367856486665576,0.835596402691213,6.035885,-0.4552751
Upper Manya Krobo,Eastern,40.46933874912689,7.098026922686542,1.1703750070362773,25.246440243014924,6.590455138231793,-26.12938659767353,-12.425358752001955,-5.0726359643281285,6.889951618616573,0.8166448057881439,0.7040019362559011,6.40201115,-0.134429386146108
Upper West Akim,Eastern,51.923414084012144,4.771805654522682,0.40097755251646383,28.465911594078875,0.06320596588074068,3.0073722610465836,-12.594628062891852,7.921909435206004,-9.766514480883739,-2.2633542575226495,0.880053089884467,5.80678025,-0.540057196199224
West Akim Municipal,Eastern,53.33307964280496,7.237328698405246,-0.30894551134013626,29.059470523821126,-0.8391569588970604,2.7832390898104067,-12.679884909665768,9.134589292997225,-10.477563471980211,-1.954211524992795,0.918075996456104,5.9070609,-0.68318054757923
Yilo Krobo Municipal,Eastern,40.1894103796114,6.071818319422884,0.025736612471021658,25.032257841283084,6.3368284096452925,-26.00088821794281,-12.871296410772128,-5.211273129567652,6.145700974004621,0.09216202364843262,0.7390060893136154,6.1564095,-0.167401779755807
Ablekuma Central Municipal,Greater Accra,51.64574321080546,2.3071587796936974,-0.25188698611961513,28.354463852131623,1.4054979014475375,3.57253189961774,-12.615453955076967,6.456397752470799,-9.75986943246911,-2.18199519007968,0.8389688708576009,5.5541808,-0.24078224491606
Ablekuma North Municipal,Greater Accra,51.62486617980228,2.3479834408019684,-0.2253217626835653,28.345332606321914,1.3849726771326623,3.562472159236247,-12.611967344630038,6.475075421173722,-9.744563945230047,-2.1896285949577163,0.8356359694647807,5.58719365,-0.263259064824942
Ablekuma West Municipal,Greater Accra,51.537756236946706,2.2450380127554883,-0.2893542670908289,28.307320056948146,1.4701409253882147,3.6179556218165274,-12.586752308661087,6.387203595730249,-9.693772439910175,-2.1830245844749236,0.8473421248081677,5.5431939,-0.26615017413473
"Accra Metropolitan Area (AMA)-Ablekuma South, Ashiedu Keteke & Okaikoi South",Greater Accra,51.661355809930605,2.2784141001489733,-0.24047406429539286,28.352513389610664,1.441361453464335,3.575546844032483,-12.620206258163021,6.41148803899558,-9.810935583582394,-2.1621477902713986,0.828405998874392,5.55381875,-0.205849787615075
Ada East,Greater Accra,40.853152302998524,5.357125779169225,-1.6325162297612756,25.263957689892017,6.674017326566469,-26.62220639812448,-12.910855891470545,-5.59632105933567,5.646373951651937,0.654885136555114,0.8435232570411209,5.8761016,0.549568161630084
Ada West,Greater Accra,40.795781574573084,5.1779015644970094,-1.6104526355264532,25.226884326672412,6.744926587343924,-26.51843074546675,-12.914396715768781,-5.682871030832052,5.597123501864279,0.6320154955150965,0.8647762940960666,5.9040093,0.420370257026968
Adentan Municipal,Greater Accra,53.433232601605816,2.6417645267870404,-0.17754820526898385,29.511841777968275,3.1769459305823258,-3.6884984768548232,-10.403216842293261,5.579068360944264,-5.666772978492661,3.6135929321344955,0.7629965256845129,5.7042433,-0.1690967
Ashaiman Municipal,Greater Accra,53.52333772885508,2.773498049996474,-0.3459145655018858,29.515966225637023,3.176640588926615,-3.8483802558828053,-10.430454841651933,5.530929844253713,-5.864663618165258,3.6989592768003803,0.6548514520741747,5.6993574,-0.0348533202566188
Ayawaso Central Municipal,Greater Accra,51.75146607751172,2.41374709559355,-0.19968902580125736,28.39484155058982,1.328090941294061,3.5137234000989066,-12.643378634930636,6.5336601798756835,-9.846480785633412,-2.174813596565536,0.8218957676608724,5.59137939999999,-0.212668442666915
Ayawaso East Municipal,Greater Accra,51.74110884958118,2.376889518022134,-0.2080138927377817,28.385320660116395,1.364852304823792,3.5274414740859705,-12.640044081834336,6.491887948816096,-9.862781308152439,-2.162245199073502,0.8172869347720313,5.5828425,-0.194266228463183
Ayawaso North Municipal,Greater Accra,51.751556637864404,2.399650291038742,-0.20118064085538911,28.39100644511648,1.3460504043955925,3.5171098353271923,-12.643669497943652,6.511800923526005,-9.863975923797112,-2.166569898642753,0.8169433075527336,5.5908829,-0.199044848506062
Ayawaso West Municipal,Greater Accra,51.72277359090602,2.3760009542824765,-0.1989249890116156,28.367431774664936,1.4034598893201835,3.503813311175029,-12.656328047727786,6.422774641414817,-9.913876971538219,-2.16278319493395,0.7940787834677074,5.62669775,-0.179111178909241
Ga Central Municipal,Greater Accra,53.1649039072076,8.273578174899747,3.163821720721688,29.41965322915522,1.8601973614625695,-6.020552942690955,-2.5333569665027484,3.7269290222829596,-7.353592368422905,3.392066199362521,0.9264994905732439,5.3203951,-2.0334832
Ga East Municipal,Greater Accra,51.550629637780304,2.5673930870545147,-0.13328385468856396,28.31585863612818,1.2599332414978726,3.5001783718091986,-12.601988074245313,6.5954874792087015,-9.676756583523847,-2.2310277455937415,0.8315210317317799,5.669162,-0.333376
Ga North Municipal,Greater Accra,51.550629637780304,2.5673930870545147,-0.13328385468856396,28.31585863612818,1.2599332414978726,3.5001783718091986,-12.601988074245313,6.5954874792087015,-9.676756583523847,-2.2310277455937415,0.8315210317317799,5.669162,-0.333376
Ga South Municipal,Greater Accra,51.550629637780304,2.5673930870545147,-0.13328385468856396,28.31585863612818,1.2599332414978726,3.5001783718091986,-12.601988074245313,6.5954874792087015,-9.676756583523847,-2.2310277455937415,0.8315210317317799,5.669162,-0.333376
Ga West Municipal,Greater Accra,51.550629637780304,2.5673930870545147,-0.13328385468856396,28.31585863612818,1.2599332414978726,3.5001783718091986,-12.601988074245313,6.5954874792087015,-9.676756583523847,-2.2310277455937415,0.8315210317317799,5.669162,-0.333376
Korle Klottey Municipal,Greater Accra,51.71349889292039,2.3345079029370224,-0.22705652829489154,28.375757432504894,1.3908169522698888,3.5507412915239875,-12.629969981226115,6.468697065012297,-9.835774462791568,-2.1615075050236237,0.8252076663756228,5.55901944999999,-0.19823054970895
Kpone Katamanso Municipal,Greater Accra,53.18580915083841,2.7830478426876972,-0.29681239997533027,29.39959503140726,3.2831844466160494,-4.305063844876356,-10.51922404202661,5.225345645418578,-5.616342877820131,3.5542556627438455,0.6312267828402023,5.77159775,-0.0733651054089466
Krowor Municipal,Greater Accra,53.61658905059948,2.727032470611385,-0.24012471465252005,29.57804955452703,3.0750519486912458,-3.6303770914794793,-10.36346210333022,5.760389903925941,-5.769553153044653,3.71616293965198,0.7623177794039592,5.60941925,-0.0769277820845922
La Dade-Kotopon Municipal,Greater Accra,51.671499411026645,2.266930624752078,-0.22867449411235086,28.33688951207296,1.5011402590547576,3.557614136282322,-12.635875390791064,6.3197853794276835,-9.917405072129158,-2.1340341928178197,0.7958453781937381,5.58947605,-0.156988356399583
La Nkwantanang Madina Municipal,Greater Accra,53.36338281023655,2.677799143869324,-0.17638062163349488,29.481114845506173,3.20658403988058,-3.8091073816728134,-10.428023199205256,5.494146667814469,-5.648403185138273,3.592064022144659,0.7335196840721194,5.74468145,-0.172508699400876
Ledzokuku Municipal,Greater Accra,53.405987409469205,2.4690270439788837,-0.22602695247642046,29.484023121266276,3.2646402030815302,-3.4732995032046405,-10.383716788977349,5.511529482518199,-5.7393569021261435,3.614005038119502,0.7733725682527348,5.6050983,-0.114493361214251
Ningo-Prampram,Greater Accra,54.11250838903053,4.002091389589873,-0.6652963082570054,29.856144223590707,2.603497626022506,-5.714274526271858,-10.221143135130248,6.213239967703139,-5.25285581344578,4.474969594149484,0.74607802218219,5.81176965,0.146110955005239
Okaikoi North Municipal,Greater Accra,51.716296707186736,2.4248962188811936,-0.19066209904522324,28.382022652382936,1.32551344803589,3.512464204207806,-12.639476959306162,6.532951320500414,-9.815928344206046,-2.187957952607169,0.8237905109608928,5.6104365,-0.2395459
Shai-Osudoku,Greater Accra,40.161426527734335,4.62545244616922,-0.7068413294545941,24.943813830096943,6.804896016897659,-25.697988456611284,-12.99337343596756,-5.826699945856054,5.63933599934778,0.0576082352274816,0.8114989228544903,5.95875335,0.161872328401567
Tema Metropolitan Area (TMA)-Tema Central & Tema East,Greater Accra,53.65118763210859,2.8336945316197935,-0.3655905761392404,29.5661668186221,3.1037774102964644,-3.7744663150539663,-10.395670347364803,5.67233334720161,-5.915822175852696,3.765819900686842,0.6709533482855745,5.6698,-0.01657
Tema West Municipal,Greater Accra,53.60721821237131,2.742274528211147,-0.2685660202658582,29.56689772485562,3.0999527426960363,-3.6727852321245833,-10.382495267938662,5.706026687709091,-5.810164115062948,3.7130825184159244,0.7341094791715388,5.65076355,-0.0688760444019398
Weija Gbawe Municipal,Greater Accra,51.47809345926926,2.2570828911007625,-0.296139633077523,28.283418890957574,1.4704093222881838,3.6307703535451026,-12.569634911683252,6.388692104168397,-9.642629307461494,-2.191425614334535,0.8524105016005059,5.55414475,-0.296466750643799
Bunkpurugu Nakpanduri,North East,26.219340156965877,7.223100154763426,3.516734952065214,-8.092452864044118,11.406129936496455,-28.554499580145016,18.177980539741966,-2.5244755396995835,-13.707106063742742,8.20992078259866,0.9753832405343221,10.632198,-0.180118
Chereponi,North East,63.033875568349025,7.530274984874271,3.424837736182525,-88.43467476852592,69.97509678670936,8.280766748369821,-20.662689555498176,-15.326070726261293,13.278386906518431,-10.259858599121358,0.9788382317392951,10.1792653999999,0.207987165887793
East Mamprusi Municipal,North East,26.237210584749246,7.433903554915623,3.4958086323969795,-8.156109994194644,11.317619553613394,-28.539622682817473,18.15591093665546,-2.5564732144644395,-13.725524122164416,8.310192885183055,0.9751044561294651,10.45279035,-0.416678651029704
Mamprugu Moagduri,North East,17.399440155330076,8.474355869850799,1.9298209253125123,-9.63018271387613,5.633594855537567,-32.5803792062336,8.185632897040747,10.343421204664631,-0.3409570052663171,4.786011030309137,0.9697028586744758,10.23964,-1.27428
West Mamprusi Municipal,North East,17.425892228065685,7.765488369983368,3.353359929765219,-9.440286122029685,6.085093939295786,-32.80615548969437,7.983491278296318,10.615499651009193,-0.6149466998818811,4.846415861054371,0.9737975770283728,10.29738455,-0.764055036110824
Yunyoo Nasuan,North East,63.2336476243234,7.259275096939735,3.549895816860502,-78.30734586436708,62.72910103914245,5.485387236751663,-19.646666645644082,-12.479770814893612,12.496470380110246,-9.459840036165964,0.9769301156035493,10.4415225,-0.0276844142154081
Gushegu Municipal,Northern,62.768427554487815,8.047933152885275,3.3149835743767575,-83.54735459169858,66.17542150739355,6.7935266582788,-19.410043499488424,-14.36751601799369,12.33884690876909,-9.529463525906184,0.9775193447902512,9.9185016,-0.2164706
Karaga,Northern,62.84359078323159,8.19951712196364,3.3091104604270427,-81.1881490860632,64.26203463914247,6.192575544352714,-19.234352285365276,-13.815909161816332,12.178997153056791,-9.200538320898815,0.9766812874572106,9.9267799,-0.4316607
Kpandai,Northern,58.801867513374695,9.861591454398255,0.6033970175976293,10.33368319121039,-7.5687496683528295,-16.941371018051587,2.320344951919969,-3.31804689981855,-2.754430430464513,3.7103542915648746,0.9749073580922337,8.4635789,-0.0119853
Kumbungu,Northern,64.53014093810428,9.878964655611139,1.372118760831576,-0.5325343277640737,7.514695216892255,-14.93072073084962,0.5502895718463918,-0.947570353759561,-4.279170080535705,0.33254731614264266,0.9666321545732652,9.5591282,-0.9467086
Mion,Northern,62.70053275680228,9.101158542293895,1.647723105925845,-45.19244779963444,35.66096911279841,-3.186274584312237,-11.326847798143547,-9.455885804670636,7.331935010437995,-4.413701450869125,0.9639698494181753,9.45284905,-0.335525511842833
Nanton,Northern,65.71359843077656,9.363374259610326,2.244880193049827,-0.19966494842569293,7.629993194607522,-15.056924647363044,-0.47990434419310546,-0.3461195735996627,-3.6643626691968354,0.13039980533261808,0.9697655317180746,9.55848269999999,-0.710728600167338
Nanumba North Municipal,Northern,59.44110841497677,9.308088939539989,-0.21371397639312528,-1.5188302342707019,3.470615835779917,-15.586188905823418,0.7606050859055422,-3.41532059262424,-1.9796039128441538,1.4179722281170015,0.970767224105969,8.92200959999999,-0.138644700894755
Nanumba South,Northern,59.34753111132497,9.341562561307487,-0.3840273666876305,-1.1177926751350498,3.3541773898984957,-15.838592942080773,1.2987717937916798,-3.50718015252467,-2.2452459284021558,1.5700616391903228,0.9735940349152553,8.76637935,0.0549741822848612
Saboba,Northern,66.11224242152554,8.107267974329345,2.9347314543068705,-75.85931262984059,56.35486840968139,6.9191694602038325,-21.49046115532053,-15.788221485696361,15.706914381888076,-8.234365119029356,0.978985907758199,9.70870525,0.196098328672698
Sagnarigu Municipal,Northern,64.66444527914551,9.734717908601382,1.4402999644428434,-0.4682002073602769,7.3569121903977805,-15.040750686909595,-0.032918537266400705,-0.3774908684180307,-3.675229372609936,0.056550822086906205,0.9648890124820344,9.48585935,-0.855049753344912
Savelugu Municipal,Northern,65.18063437277848,9.490670168772533,2.167029053573348,-0.32096011409671643,7.536365008160996,-15.102401336953056,-0.34210655093280096,-0.3660629873950825,-3.6948710020687257,0.23944320339952396,0.9708009954547695,9.6260647,-0.8258943
Tamale Metropolitan Area (TMA)-Tamale Central & Tamale South,Northern,64.33867381306146,9.823545556705666,0.9829946311821587,-0.5199762655907927,7.264529231913063,-14.99452039910358,0.047993932323606714,-0.20300729659338135,-3.5963153343904497,-0.16609484952437015,0.956673280694814,9.40078,-0.8393
Tatale Sanguli,Northern,61.00372013491991,8.34675111559416,-0.3391402728733688,-41.414961404877886,37.55473384223134,-7.19198304050115,-5.807662435280207,-6.983548926286105,2.9579213062504692,-4.635983496750596,0.9780920700974292,9.34906725,0.514632473680653
Tolon,Northern,41.194294885327395,10.225943008831358,0.6635942410964226,-4.493125106979461,0.1266625587298913,-24.336501417529462,-9.942578686389886,18.30862373838949,13.57638232570362,-3.303847564779579,0.970403482800288,9.555956,-1.19792230212529
Yendi Municipal,Northern,63.41067421624031,8.628197327793343,1.7729061039067915,-56.55069638863867,44.55854339794449,-0.2915256844817051,-13.783718367728945,-11.182782728019589,9.345501195762438,-6.0583291108163255,0.9731070280629072,9.4739214,0.022769270127783
Zabzugu,Northern,60.88075802206724,8.44351293600976,-0.5577517416300992,-35.71693543314208,33.120933358561985,-8.740423856082664,-4.634569172713832,-6.13990235183028,2.1201492659639953,-3.8678182790051547,0.976314911017345,9.294058,0.367064
Biakoye,Oti,60.46367211135238,8.882757455704185,1.507070631278169,8.498324530404442,-10.750284355791315,-5.221881987816392,-7.24869471352666,-12.454451437509176,3.5054733896718933,9.016286108315438,0.9746871401715689,7.39217985,0.262973639210098
Guan,Oti,61.97628141211703,8.42602176729179,0.8849007847574883,6.65644718326417,-1.8490843933087113,-6.980077411684358,-1.1195837730684168,-6.889063909292421,2.62692918776421,2.2803979775462224,0.9713806174167284,7.19092,0.60951
Jasikan Municipal,Oti,62.218098916664594,9.144279578467,1.0599116269753281,1.8591003356693108,-0.2571888168301797,-6.518346845954866,-3.448568305352456,-8.213518950021111,3.6059492301757885,3.05818076098182,0.9736095371950089,7.40707195,0.466071316332564
Kadjebi,Oti,59.92711622393271,9.724987604943607,0.8083955652830088,7.013488886315578,-6.1982399708550355,-11.402113890930881,-1.5580035666818457,-6.829679405262077,0.5404016522352162,5.346723598014218,0.9738872500932119,7.7210325,0.534053201682814
Krachi East Municipal,Oti,60.83068112764788,9.907664831909706,1.201039767855665,7.685551680507624,-7.482795814455657,-9.96736937358661,-3.0426693583418274,-7.422509606127123,1.5853876172452024,5.81115245660726,0.974712443382368,7.69817,0.22447
Krachi Nchumuru,Oti,61.58400677133933,10.391795151364297,1.1932115171959516,8.029975853916339,-5.56251059790585,-12.14012262596312,-1.0057386880612045,-3.6446641593848637,0.3778050550437506,3.3485677906849523,0.9755777688495835,8.1892008,-0.0866133771431008
Krachi West Municipal,Oti,61.829125925586325,10.290800841262637,1.4318297024640696,8.358196696598549,-7.197291762502976,-10.088362681245886,-2.7901545460591812,-5.967309132551756,1.5059839174953478,4.847867938455553,0.9752420150579859,7.8,-0.01667
Nkwanta North (Kpassa),Oti,58.66639405949183,9.915622142475579,0.458784883301834,9.40000985528495,-6.766720263926615,-17.191998814137655,2.6984849670934246,-3.553017535221927,-2.721516048369807,3.8057276865018626,0.9752590693410175,8.4892994,0.3094664
Nkwanta South Municipal,Oti,59.77318271270618,10.014411601588742,0.506695266108169,6.14067917269932,-3.8537653946717594,-14.839044712563737,1.1855746467528423,-4.015751108084513,-1.2680597065827237,3.381034256041609,0.9751389921921554,8.25811615,0.509975335946734
Bole,Savannah,85.30661250045966,10.639315877435843,0.9990956125785075,-23.702697074096807,32.76754150181535,-8.700232390419632,0.6996445311073032,-17.63795960407745,-6.666260938500194,4.043155428795602,0.9825797596775803,8.69166865,-2.17855621492469
Central Gonja,Savannah,54.669483460843516,10.038079755128912,0.2717859165656584,46.64569197691067,-38.366149655663556,-26.966730410252097,9.521528885466957,0.12517845025826446,-5.986613162556349,11.013355779778708,0.9669002547810214,8.93715119999999,-1.10983922943129
East Gonja Municipal,Savannah,56.078755430528915,10.492207038943837,2.1700925096720542,30.858153778288916,-27.68608678254072,-21.11615048117166,4.567801982388154,-2.62645398325928,-5.700982350736474,7.073344443454339,0.979584671677421,8.347473,-0.7895018232454
North East Gonja,Savannah,58.970117622337206,9.387291737238465,-0.10667038751182645,11.85694873918743,-6.704576187177395,-18.475914808097826,3.071314867505677,-1.0342326757939162,-3.9342586505239296,2.8566280865890405,0.9650122075065223,8.98787705,-0.403868101269744
North Gonja,Savannah,58.970117622337206,9.387291737238465,-0.10667038751182645,11.85694873918743,-6.704576187177395,-18.475914808097826,3.071314867505677,-1.0342326757939162,-3.9342586505239296,2.8566280865890405,0.9650122075065223,8.98787705,-0.403868101269744
Sawla Tuna Kalba,Savannah,79.98679349020102,11.345673631059746,0.34431618898488026,6.5965487184322225,7.841620002384985,-9.546911402231844,3.6245753136143146,-7.468462877603448,-10.551253076959144,1.08076716350471,0.9777374347212787,9.4809443,-2.41330933679435
West Gonja,Savannah,74.44546299589499,10.609353517151703,0.23110075750577153,4.8838928575298945,7.053318586994065,-11.57818307034298,3.9061662579597654,-6.577054296708301,-9.815781710246078,1.454821406788266,0.9746549878649365,9.5267018,-1.5071681
Bawku Municipal,Upper East,17.432809468827664,6.828753438831389,3.478147128192248,-9.206055706692363,6.553210942983335,-33.12661905980246,7.722024787189967,10.727841579708084,-0.8141773125750709,4.88307833090502,0.9716393300717929,11.0607602,-0.2422876
Bawku West,Upper East,17.460843728696176,6.965828264249454,3.482501247305997,-9.258827226491093,6.525063487994027,-33.213254592836435,7.579906314078582,10.733706509362158,-0.896962148489068,5.087832142816354,0.9711381175586812,10.84277,-0.492947618512454
Binduri,Upper East,17.43260220539224,6.901118962212917,3.4790510068675715,-9.226054871856691,6.513273856121419,-33.10264521608017,7.737798764611206,10.714731897983814,-0.7962786406305986,4.891930797787833,0.9719134109768012,10.9694889,-0.3062234
Bolgatanga East,Upper East,17.675017546185614,6.804319650201046,3.472038062392908,-9.329616662343764,6.92290532474428,-34.202021235664034,6.39417640656233,10.94563564558903,-1.693898196477889,6.358259885150742,0.966423463028905,10.7853963,-0.8487322
Bolgatanga Municipal,Upper East,17.675017546185614,6.804319650201046,3.472038062392908,-9.329616662343764,6.92290532474428,-34.202021235664034,6.39417640656233,10.94563564558903,-1.693898196477889,6.358259885150742,0.966423463028905,10.7853963,-0.8487322
Bongo,Upper East,17.68326749862748,6.67058546742798,3.4201609893584894,-9.314608807304614,6.9662512544229465,-34.28676092757077,6.314996111631949,10.92779744321781,-1.7244767016612057,6.415433741286208,0.9653553280971874,10.9166838999999,-0.805767855895511
Builsa North Municipal,Upper East,17.45982700410344,7.399206956011378,1.965170509523551,-9.423830404933607,6.122355776137081,-33.09545879178403,7.768028008651878,10.394552398751664,-0.5414273321283742,5.1059244904868795,0.9623987062039054,10.73472,-1.29056
Builsa South,Upper East,17.445798529353144,7.703017811434281,2.076554875074537,-9.479925969978426,6.003794123820565,-32.96635215218885,7.847416667542996,10.400845280842505,-0.517605657322999,5.062369283019852,0.9653587510455568,10.53032385,-1.26246582508358
Garu,Upper East,26.263172464448395,7.08304570382269,3.517489759824471,-8.053180584580826,11.521575322692806,-28.622696948720378,18.112796067690176,-2.541611830035797,-13.84245526162943,8.304546121481414,0.9742005078579211,10.76975475,-0.21182067584702
Kasena Nankana Municipal,Upper East,17.466881688078324,7.223505913577005,1.8990881839152802,-9.39173976925019,6.188439562431164,-33.16762168814253,7.725805069685454,10.389416662522514,-0.5537849152985828,5.123526537229187,0.9604670667249233,10.895598,-1.30768
Kasena Nankana West,Upper East,17.466881688078324,7.223505913577005,1.8990881839152802,-9.39173976925019,6.188439562431164,-33.16762168814253,7.725805069685454,10.389416662522514,-0.5537849152985828,5.123526537229187,0.9604670667249233,10.895598,-1.30768
Nabdam,Upper East,17.542231171154423,6.863959942538461,3.4746919085963057,-9.27796725943514,6.694937379227027,-33.6088731642528,7.101237099093563,10.816937128512208,-1.217108210087572,5.589762753871655,0.9687123180920605,10.8469045,-0.661562047243897
Pusiga,Upper East,17.426014213755913,6.775999222181427,3.5116522263243795,-9.17238168248497,6.60082701572947,-33.092525593613566,7.7957847561020115,10.772159719030713,-0.8073620995789503,4.763203030662897,0.9720071554009572,11.0854045,-0.1276855
Talensi,Upper East,17.46427770518026,7.172827611947072,3.491903714816388,-9.308043128685359,6.440933703576092,-33.15979724407245,7.613690360622593,10.728487010706914,-0.87810447948744,5.106763766340368,0.9716911523911245,10.6451057499999,-0.62587443176215
Tempane,Upper East,26.25348141736754,6.975390460641912,3.5157106082359526,-8.02069792601732,11.570082392588272,-28.63661697622724,18.111907998610736,-2.52030068900366,-13.840710257078278,8.261076472606124,0.9740467694602206,10.9030714,-0.0914351270233069
Daffiama Bussie Issa,Upper West,79.66030736538396,9.792249421623701,0.12067661234998361,6.410898787192522,8.307262373673074,-10.520678520968303,4.534149061108886,-8.925995362723608,-12.135579340889045,1.8667394331952782,0.9650923468972479,10.36748405,-2.26222672458466
Jirapa Municipal,Upper West,79.3152378199679,9.997554626885716,-0.048425267719489185,6.345591556704251,8.266716155101951,-10.630366663685763,4.299063961475084,-8.405900416001238,-11.711194252678357,1.6977812217376602,0.9621377898485948,10.5366328,-2.7008646
Lambussie Karni,Upper West,20.870002023580508,9.268970753712843,0.05205345023817287,-8.977205326604787,3.8790448179822494,-31.602933564001518,2.628695583463816,14.872796756774031,5.570582815444848,1.9110687105123647,0.9558904898110359,10.846747,-2.708741
Lawra Municipal,Upper West,79.29637708363832,9.983528429567423,-0.06670451263331145,6.348381580019797,8.25467047779807,-10.672002617688172,4.156881470025056,-8.248526666155314,-11.552664148816046,1.6472264865379325,0.9609491780042962,10.61348995,-2.86412434170417
Nadowli Kaleo,Upper West,79.97072209034988,10.493938547729568,-0.07674933727209421,6.488907813330909,8.114296319659628,-10.145290762523125,4.1746681215896615,-8.378097901695956,-11.59981808660167,1.4626272193929646,0.9670255692859175,10.2868347,-2.6394776056347
Nandom,Upper West,79.98825792488117,9.314635419546685,0.03330969718694732,6.593321041553416,8.650266678603863,-10.716100216953507,4.5473863198521585,-9.10434939081464,-12.394746775951063,2.050356710405202,0.9559951246633871,10.8520701,-2.760077
Sissala East Municipal,Upper West,17.438394286750164,8.397171456867898,0.736815226119182,-9.592057782522325,5.670262201048293,-32.60104112935332,8.495918213527446,10.295565789995335,-0.09893489800348831,4.494123822232828,0.9620446539103964,10.59705475,-1.85050542952138
Sissala West,Upper West,20.864104346207142,8.753636744235163,0.33590579136855503,-8.970284999408394,3.901193780935218,-31.7605130193784,2.4805205372111514,14.744986750761393,5.5363896342798125,2.041475550095024,0.9583833467716462,10.7467085,-2.29346951572635
Wa East,Upper West,79.79689067279863,10.720748677017726,-0.022607027555611836,6.421142280522053,7.950564841426079,-10.057094294863102,4.049766556655193,-8.136793300764339,-11.302572288823864,1.3323260772564254,0.9709607320932087,10.06069,-2.50192
Wa Municipal,Upper West,79.81145157960772,10.720888756974709,-0.023482364795336608,6.42554847121183,7.9533910542135535,-10.05305811057297,4.049484093802087,-8.140852570673916,-11.306517155817888,1.3324478561636557,0.9709259690586636,10.0623261,-2.5054273
Wa West,Upper West,80.19639118397959,10.991651320562006,0.03880628397419272,6.598736139348569,8.047173999030631,-9.880428123991754,3.848816795985898,-7.854828445620412,-11.040667081723287,1.2462791759731848,0.9724086492271204,9.8985772,-2.6832633
Adaklu,Volta,64.93328578960406,8.230677839732149,-0.07910220654448175,18.83583174124159,-8.4911110051112,-9.962545644767319,4.44322073268018,-3.929167469758852,1.6960960523481212,-1.9913091236306961,0.8925659180792996,6.4470511,0.6286474
Afadzato South,Volta,61.587073752540086,8.321031928495582,0.8949748706836589,15.448824661345107,-5.945953204398938,-9.08381714651517,4.385980595981536,-7.251927607617979,2.164021504354201,-0.6350744287331231,0.9675402053796662,7.0222497,0.561946
Agortime-Ziope,Volta,64.90217211549096,8.069263359579772,-0.2591671023262663,18.866918716790423,-8.475820985964708,-10.074727056218476,4.378751007504618,-3.918201252491758,1.6727732154727688,-1.9760573292569568,0.8948931164215417,6.42618935,0.732357165932429
Akatsi North,Volta,65.10916334708921,7.784631315927444,-0.7545140737192142,18.83062874941847,-8.434893147948323,-10.039690064223139,4.381779410459369,-4.116946204079628,1.357357932459795,-1.9752997887908812,0.8764136286540402,6.3108306,0.876439062223793
Akatsi South Municipal,Volta,59.77446283958291,10.01500706748902,0.5071487785956981,6.141339824284934,-3.8547948197519366,-14.838477658082361,1.1842277733279731,-4.014868031684594,-1.2673501779379497,3.3805206635327663,0.9751376279207145,8.25846,0.508747
Anloga,Volta,40.90440404451709,5.616153259997729,-1.6303900596167082,25.303802220671592,6.563411298137387,-26.742289873052844,-12.900284329298763,-5.461233358725991,5.732709572788199,0.6712899699594423,0.8119224928500773,5.7936484,0.8984702
Central Tongu,Volta,41.06021572377869,7.054791738887161,-1.1197202738806027,25.586229555070606,6.0751684858802895,-27.033301242042846,-12.602530053314526,-4.571024998221909,6.966206676818027,0.8300829013805338,0.8564068298732164,6.16884364999999,0.611561745917151
Ho Municipal,Volta,64.71300117030455,8.54255954364045,0.5508417246218293,18.85502811448502,-8.33290593064142,-9.843568214922865,4.459404823173714,-3.9269731020660243,1.965005423783924,-1.9478342779859572,0.924805993982348,6.6126598,0.4688932
Ho West,Volta,64.71915997260663,8.499724651584447,0.5294243244084189,18.83433590758765,-8.350654182095829,-9.85644366831168,4.450171677329866,-3.9425405524984978,1.885046750409498,-1.9557128557465475,0.9202703206971803,6.590707,0.46714
Hohoe Municipal,Volta,59.95875479228335,8.145571121975472,1.2565801566994956,10.460243579175739,-4.699081924823712,-9.40666051433089,3.834184715500376,-11.458555865563845,3.0163580703040065,-0.1345791875105311,0.971788175636808,7.153187,0.477735
Keta Municipal,Volta,65.0141396032283,6.163553101473571,-1.7079120695537071,18.507482084177354,-7.688095005288842,-9.86809869758812,3.9503355866032956,-5.394779808633719,-0.4462755941286005,-2.015238813779156,0.8215138371447316,5.9215688,0.9910728
Ketu North Municipal,Volta,65.26380021445779,7.401692814423527,-1.2319738852364885,18.74029054217155,-8.257544772495741,-9.973491240673619,4.32303686610325,-4.513051227448626,0.7832751980073223,-1.9605945694369566,0.8638698358413823,6.192057,0.981151401381816
Ketu South Municipal,Volta,65.21671561355203,6.944906406204911,-1.6081668187120002,18.66268053911803,-7.959040992500039,-9.988532412675942,4.139224563845716,-4.958229394863775,0.17348873193012437,-1.9381338142191815,0.85397961330353,6.07748514999999,1.0706219725046
Kpando Municipal,Volta,61.628924046113546,8.040407480905385,1.748805687252288,13.175003758965772,-5.787636669126643,-9.34453258617997,3.93126885008643,-9.295506874681635,2.1961341155169958,-0.9288649362696031,0.9651008858816423,7.0000115,0.318327973849328
North Dayi,Volta,62.12934805313803,7.7689966870047495,1.9959504712318799,13.93870262875405,-6.030107263790773,-9.248243836930369,3.953602657255629,-8.77430598707371,1.9264007877883422,-1.1770091199489028,0.9589047222328462,6.91384645,0.22267318926127
North Tongu,Volta,40.89098973679522,6.559629176566421,-0.7147894466509186,25.453317127287455,6.207872634911082,-26.832802513385104,-12.595516216951278,-4.763227651283926,6.753415487074143,0.8194272488441623,0.8920345537068459,6.14399495,0.297188924896433
South Dayi,Volta,64.82070913019548,8.255662670161179,1.0809250843718416,18.581337080714945,-8.244745115419711,-9.368105540928983,4.63094875642407,-4.324826427191716,1.4227493700152785,-1.988528539033779,0.8751104149041082,6.5449087,0.240546020283373
South Tongu,Volta,40.96251525580874,5.886366637717148,-1.5534513939804668,25.38245661899539,6.454450748196293,-26.835285615607255,-12.804844246289807,-5.237564109511148,6.055426510007473,0.7571270799612861,0.8404194268974096,5.96577275,0.641061228110148
Ahanta West Municipal,Western,52.4650051787217,8.211310120902397,3.071480630558806,30.431320414412948,2.7963470379148,-7.2757832262128375,-2.7718297379662964,4.4930646603760245,-6.59962975961114,4.167134361418782,0.9059362803760149,4.8514282,-1.98665461803006
Effia Kwesimintsim Municipal,Western,52.33162424116791,8.024208215525098,3.000258240612891,30.308323072788312,3.0029933472857295,-7.298577726390622,-2.6826271408054088,4.111992688145413,-6.637677982703465,4.17653165320176,0.902978776152048,4.96766095,-1.80360599719917
Ellembelle,Western,52.61061941746058,7.7695102310744355,3.3018782393551684,30.435842913161487,5.140213244384524,-7.251243232908113,1.1360424912882245,2.6732383977679133,-10.531084070636034,0.7093321024288307,0.8969815366312568,5.14952214999999,-2.42142536190491
Jomoro Municipal,Western,52.9155517653246,7.055678096234485,3.4105974365073406,30.545648009288204,5.10203690999352,-7.193815955907665,0.9081936394398261,2.540552056272727,-10.382906002774897,0.6026443247371007,0.8732196051817005,5.199616,-2.61473434715296
Mpohor,Western,52.451859462944114,8.134008496988173,3.0188799864935447,30.266825760595182,2.8454218375759774,-7.176696140965973,-2.7011023590330803,4.193014244416368,-6.719512455418376,4.11995787772377,0.907577869796916,4.9705877,-1.8927971
Nzema East Municipal,Western,52.67686688415041,8.202567471918343,3.173423271564543,30.25222006935774,2.4528878145907513,-6.817330649543821,-2.767189838157934,4.593178168142886,-6.671513534394714,3.970875155843964,0.9107823587448836,5.08576495,-2.22263416898707
Prestea/Huni Valley Municipal,Western,53.453001193453304,8.36682028188779,3.2224438440811802,29.18865625028048,1.7311529471038192,-5.886323169512767,-2.3407247746959703,3.350332946412326,-7.715724147897196,3.3524015821051023,0.9336384770060302,5.44481979999999,-2.04050432321944
"Sekondi Takoradi Metropolitan Area (STMA)-Takoradi, Sekondi & Essikado-Ketan",Western,52.307078090460685,7.9051703135542635,2.9772806134240946,29.94642669201513,2.8415650732869824,-6.987892204886876,-2.6192072910333932,3.7331268514839095,-6.717651486650717,3.874877586262503,0.898195086023875,4.95328,-1.73308
Shama,Western,52.30448284639717,7.770181392536825,2.8871875142922097,29.50239132601434,2.686808257919103,-6.570487679651482,-2.5246933594870065,3.2392297326239827,-6.878046520016957,3.5621005032679847,0.8971363498593374,5.0606463,-1.64288365568687
Tarkwa-Nsuaem Municipal,Western,53.15099783049519,8.228733542691016,3.131886481828753,29.295192995595638,1.8023645409089273,-5.900372512481908,-2.5352826537269055,3.604635741290817,-7.381646255177652,3.2730355366564012,0.9265933414529333,5.310935,-1.992426
Wassa Amenfi Central,Western,53.900644620160186,7.722401887714984,3.5921522166090045,30.258612866764953,3.4882831086680435,-5.735764126493093,1.01905522951665,3.801581594597734,-10.316449925785898,0.20104038111044936,0.9445427144230143,5.7890318,-2.0839856
Wassa Amenfi East Municipal,Western,54.50684520768659,7.419242995323767,3.642721289094772,29.174913719680006,2.2100278132679634,-4.5983898577957305,0.49978903229315463,2.9969855878786404,-10.19523040451006,-0.12775995832755882,0.9530266475952339,5.87660585,-1.98975398510416
Wassa Amenfi West Municipal,Western,54.77152112410062,3.2770200976710133,3.738701615489186,30.07122550964978,3.7308019138457333,-5.212759437192617,-1.154216424297091,1.6293495572068195,-9.031103732886034,0.7920425944050694,0.8626576119103526,5.7735167,-2.5321498
Wassa East,Western,54.206177554132054,7.907009774012174,2.7927768271701496,25.90368958126939,-1.2481228296690965,-1.8435487867301525,-2.479539489371865,1.367781708637981,-8.646030191216838,-0.1874858051142776,0.9201127258420616,5.3622378,-1.62070954561049
Aowin Municipal,Western North,56.23144030531203,1.739907947535171,3.570828610868793,27.20060363046773,6.184974440643105,-5.376127376910529,-5.263935387036634,10.980217617110869,-3.1326400927077658,0.7250438205503675,0.824136110482933,5.69311555,-2.7557437678514
Bia East,Western North,68.33534851307685,-0.5422654320404179,3.048687276986737,-9.80872045227882,2.2077846717729734,5.047746423644423,-13.981325261891042,-26.000499471182124,-6.004880692702567,-0.46017948315584806,0.7017809468248726,6.817878,-3.00681786775424
Bia West,Western North,69.59182183201969,-2.6205941933012125,3.5904180088458704,-11.41822727135432,3.1726735328702773,6.069953031815852,-15.1271031905506,-26.43617573682331,-6.120953331607218,-0.4413933955399683,0.7270398585470395,6.56894165,-3.06628883975843
Bibiani Anhwiaso Bekwai Municipal,Western North,55.945574124962825,2.468274595318759,4.712353268508746,23.51666166178628,-3.4214132890617996,4.605629149141041,-12.686034791681456,-3.5118192100021277,-1.1766354523144278,2.065050804655798,0.9251078113997878,6.29602085,-2.23398871855776
Bodi,Western North,58.88251439767913,-3.7803028537636485,4.202833399310891,25.56211383137464,0.9893738538506555,0.10957313350179851,-7.907943778695618,6.00235614015282,-1.4556240737712705,1.7053845409297026,0.7589216415546945,6.24012575,-2.87347603617418
Juaboso,Western North,57.8451068061896,-3.3905432236613424,4.295091088931476,23.234727906044192,-4.639894300299188,5.329190279238392,-12.196171871139434,-2.8087727271513523,-0.20907588606962657,2.26404477803927,0.7467300459685691,6.3415722,-2.8235416
Sefwi Akontombra,Western North,58.04759107083224,-2.66988201540958,4.01878251140674,26.4934576030512,3.3013664924067103,-1.5887820163347068,-7.320499221320524,7.533476144456469,-2.4292240906795786,1.435809736545568,0.7939990429069719,6.0425529,-2.8760069
Sefwi Wiawso Municipal,Western North,57.846818300869366,-0.45099798859484524,5.040933157417042,23.283364476662417,-4.186834296821701,5.236442503659452,-12.974204179689906,-2.6802412064349626,0.15392761935205418,2.1691188082279624,0.8266809559493616,6.30540429999999,-2.51755838219394
Suaman,Western North,57.84368413092215,-3.653056216265453,3.8646518468752,25.797048193180874,1.7758596359640675,-0.07081297884405115,-8.374690762158055,5.409379606615073,-2.1247706563669544,1.7159880555093654,0.7752805752866523,6.10824159999999,-3.00869712063798
